{
  "manifest.json": 1757832570044,
  "cardsManifests/totalErrorsCard.json": 1758192101330,
  "model/cardsManifests.json": 1757842594738,
  "controller/Home.controller.js": 1757866892701,
  "controller/App.controller.js": 1757832562434,
  "cardsManifests/totalSuccessCard.json": 1758192129798,
  "cardsManifests/totalNoRetries.json": 1758192122854,
  "cardsManifests/totalFailed.json": 1758192115414,
  "model/models.js": 1757832562430,
  "cardsManifests/donut.json": 1758192139270,
  "i18n/i18n.properties": 1757832570048,
  "Component.js": 1757832562426,
  "model/models-dbg.js": 1757832562430,
  "model/models.js.map": 1758224232854,
  "controller/App-dbg.controller.js": 1757832562434,
  "controller/App.controller.js.map": 1758224232882,
  "controller/Home-dbg.controller.js": 1757866892701,
  "controller/Home.controller.js.map": 1758224232854,
  "Component-dbg.js": 1757832562426,
  "Component.js.map": 1758224232887,
  "Component-preload.js": 1758224232962,
  "Component-preload.js.map": 1758224232962,
  "view/Home.view.xml": 1757954369746,
  "view/App.view.xml": 1757832562434,
  "css/style.css": 1757832562434,
  "index.html": 1757832562426
}