{
  "controller/Home.controller.js.map": 1759750294548,
  "controller/App.controller.js": 1757832562434,
  "model/cardsManifests.json": 1757842594738,
  "controller/Home.controller.js": 1759299478705,
  "model/models.js": 1757832562430,
  "cardsManifests/totalSuccessCard.json": 1759142116671,
  "cardsManifests/totalNoRetries.json": 1759142113091,
  "cardsManifests/totalFailed.json": 1759142110531,
  "cardsManifests/totalErrorsCard.json": 1759142107143,
  "cardsManifests/todayLogTable.json": 1759749998860,
  "cardsManifests/donut.json": 1759142103339,
  "manifest.json": 1757832570044,
  "Component.js": 1757832562426,
  "Component-dbg.js": 1757832562426,
  "Component.js.map": 1759750294544,
  "controller/Home-dbg.controller.js": 1759299478705,
  "i18n/i18n.properties": 1757832570048,
  "model/models-dbg.js": 1757832562430,
  "model/models.js.map": 1759750294544,
  "controller/App-dbg.controller.js": 1757832562434,
  "controller/App.controller.js.map": 1759750294543,
  "Component-preload.js": 1759750294630,
  "Component-preload.js.map": 1759750294630,
  "view/Home.view.xml": 1759747801809,
  "view/App.view.xml": 1757832562434,
  "css/style.css": 1757832562434,
  "index.html": 1757832562426
}