{
  "model/cardsManifests.json": 1757842594738,
  "controller/Home.controller.js": 1757866892701,
  "i18n/i18n.properties": 1757832570048,
  "model/models.js": 1757832562430,
  "controller/App.controller.js": 1757832562434,
  "cardsManifests/totalSuccessCard.json": 1758192129798,
  "cardsManifests/totalNoRetries.json": 1758192122854,
  "cardsManifests/totalFailed.json": 1758426068559,
  "cardsManifests/totalErrorsCard.json": 1758423750772,
  "cardsManifests/donut.json": 1758192139270,
  "manifest.json": 1757832570044,
  "Component.js": 1757832562426,
  "model/models-dbg.js": 1757832562430,
  "model/models.js.map": 1758696869458,
  "controller/Home-dbg.controller.js": 1757866892701,
  "controller/Home.controller.js.map": 1758696869456,
  "controller/App-dbg.controller.js": 1757832562434,
  "controller/App.controller.js.map": 1758696869456,
  "Component-dbg.js": 1757832562426,
  "Component.js.map": 1758696869456,
  "Component-preload.js": 1758696869532,
  "Component-preload.js.map": 1758696869532,
  "view/Home.view.xml": 1758694853098,
  "view/App.view.xml": 1757832562434,
  "css/style.css": 1757832562434,
  "index.html": 1757832562426
}