{
  "cardsManifests/totalNoRetries.json": 1759919056628,
  "cardsManifests/donut.json": 1759919040059,
  "controller/Home.controller.js": 1760354192381,
  "controller/App.controller.js": 1757832562434,
  "cardsManifests/totalSuccessCard.json": 1759919066948,
  "i18n/i18n.properties": 1757832570048,
  "cardsManifests/totalFailed.json": 1759919046980,
  "cardsManifests/totalErrorsCard.json": 1760000025817,
  "cardsManifests/todayLogTable.json": 1759922401618,
  "model/models.js": 1757832562430,
  "cardsManifests/cardsManifest.json": 1760589787992,
  "manifest.json": 1760006620515,
  "Component.js": 1757832562426,
  "model/models-dbg.js": 1757832562430,
  "model/models.js.map": 1760590439307,
  "controller/App-dbg.controller.js": 1757832562434,
  "controller/App.controller.js.map": 1760590439306,
  "controller/Home-dbg.controller.js": 1760354192381,
  "controller/Home.controller.js.map": 1760590439306,
  "Component-dbg.js": 1757832562426,
  "Component.js.map": 1760590439311,
  "Component-preload.js": 1760590439393,
  "Component-preload.js.map": 1760590439393,
  "view/Home.view.xml": 1760525516443,
  "view/App.view.xml": 1757832562434,
  "css/style.css": 1757832562434,
  "index.html": 1757832562426
}