{
  "index.html": 1758522605166,
  "Component.js": 1758522605166,
  "ext/controller/FileDownloader.js": 1758628349287,
  "manifest.json": 1759298190860,
  "ext/controller/FileUploader.js": 1759298815679,
  "ext/controller/FileUploader-dbg.js": 1759298815679,
  "ext/controller/FileUploader.js.map": 1759750297564,
  "ext/controller/FileDownloader-dbg.js": 1758628349287,
  "ext/controller/FileDownloader.js.map": 1759750297562,
  "Component-dbg.js": 1758522605166,
  "Component.js.map": 1759750297555,
  "Component-preload.js": 1759750297646,
  "Component-preload.js.map": 1759750297646,
  "i18n/i18n.properties": 1758522613086
}