{
  "i18n/i18n.properties": 1758522613086,
  "manifest.json": 1760358879766,
  "ext/controller/FileDownloader.js": 1758628349287,
  "ext/controller/FileUploader.js": 1760078552597,
  "Component.js": 1760589615727,
  "ext/controller/FileUploader-dbg.js": 1760078552597,
  "ext/controller/FileUploader.js.map": 1760590442242,
  "ext/controller/FileDownloader-dbg.js": 1758628349287,
  "ext/controller/FileDownloader.js.map": 1760590442240,
  "Component-dbg.js": 1760589615727,
  "Component.js.map": 1760590442235,
  "Component-preload.js": 1760590442315,
  "Component-preload.js.map": 1760590442315,
  "index.html": 1758522605166
}