{
  "sap.card": {
    "type": "Object",
    "header": {
      "title": "No Retries",
      "subTitle": "No triggers yet",
      "icon": {
        "src": "sap-icon://restart"
      }
    },
	"actions": [
				{
					"type": "Navigation",
					"url": ""
				}
            ],
    "content": {
      "data": {
    "request": {
      "url": "/odata/v4/catalog/CatalogService.countErrors()",            
      "parameters": {
       
      },
      "headers": {
        
      },
      "withCredentials": true                     
    },
    "path": "/"                                   
  },
      "groups": [
        {
          "title": "Action Required",
          "items": [
            {"label": "No reprocess yet", "value": "{TotalNoretries}"}
          ]
        }
      ]
    }
  }
}
