{
  "sap.card": {
    "type": "Object",
    "header": {
      "title": "Total Errors",
      "subTitle": "Recorded error count",
      "icon": {
        "src": "sap-icon://sum"
      }
    },
    "actions": [
				{
					"type": "Navigation",
					"url": ""
				}
            ],
    "content": {
      "data": {
    "request": {
      "url": "/odata/v4/catalog/CatalogService.countErrors()",            
      "parameters": {
       
      },
      "headers": {
        
      },
      "withCredentials": true                     
    },
    "path": "/"                                   
  },
      "groups": [
        {
          "title": "Error Count",
          "items": [
            {"label": "All Errors", "value": "{TotalErrors}", "valueColor": "{Status}"}
          ]
        }
      ]
    }
  }
}
