{
  "ext/controller/ListReportExtension-dbg.js": 1760357713689,
  "Component.js": 1757329957377,
  "ext/controller/ListReportExtension.js": 1760357713689,
  "manifest.json": 1760359051744,
  "ext/controller/TriggerSFTP.js": 1758479949616,
  "ext/controller/TriggerSFTP-dbg.js": 1758479949616,
  "ext/controller/TriggerSFTP.js.map": 1760590436333,
  "i18n/i18n.properties": 1757329975805,
  "ext/controller/ListReportExtension.js.map": 1760590436340,
  "Component-dbg.js": 1757329957377,
  "Component.js.map": 1760590436336,
  "Component-preload.js": 1760590436429,
  "Component-preload.js.map": 1760590436429,
  "ext/fragments/update.fragment.xml": 1759128543559,
  "icons/errorlog.jpg": 1759133311978,
  "index.html": 1757329957377
}