{
  "Component.js": 1757329957377,
  "manifest.json": 1758914030190,
  "ext/controller/ListReportExtension.js": 1757527796136,
  "ext/controller/TriggerSFTP.js": 1758479949616,
  "i18n/i18n.properties": 1757329975805,
  "ext/controller/TriggerSFTP-dbg.js": 1758479949616,
  "ext/controller/TriggerSFTP.js.map": 1759750291454,
  "ext/controller/ListReportExtension-dbg.js": 1757527796136,
  "ext/controller/ListReportExtension.js.map": 1759750291459,
  "Component-dbg.js": 1757329957377,
  "Component.js.map": 1759750291448,
  "Component-preload.js": 1759750291537,
  "Component-preload.js.map": 1759750291537,
  "ext/fragments/update.fragment.xml": 1759128543559,
  "icons/errorlog.jpg": 1759133311978,
  "index.html": 1757329957377
}