{
  "index.html": 1757329957377,
  "Component.js": 1757329957377,
  "ext/controller/ListReportExtension.js": 1757527796136,
  "manifest.json": 1758464150887,
  "ext/controller/TriggerSFTP.js": 1758479949616,
  "ext/controller/ListReportExtension-dbg.js": 1757527796136,
  "ext/controller/ListReportExtension.js.map": 1758696866616,
  "Component-dbg.js": 1757329957377,
  "Component.js.map": 1758696866607,
  "ext/controller/TriggerSFTP-dbg.js": 1758479949616,
  "ext/controller/TriggerSFTP.js.map": 1758696866610,
  "Component-preload.js": 1758696866692,
  "Component-preload.js.map": 1758696866692,
  "ext/fragments/update.fragment.xml": 1757498609250,
  "i18n/i18n.properties": 1757329975805
}