{
  "ext/controller/ListReportExtension.js": 1757527796136,
  "manifest.json": 1757588647700,
  "i18n/i18n.properties": 1757329975805,
  "Component.js": 1757329957377,
  "ext/controller/ListReportExtension-dbg.js": 1757527796136,
  "ext/controller/ListReportExtension.js.map": 1758224227325,
  "Component-dbg.js": 1757329957377,
  "Component.js.map": 1758224227315,
  "Component-preload.js": 1758224227397,
  "Component-preload.js.map": 1758224227397,
  "ext/fragments/update.fragment.xml": 1757498609250,
  "index.html": 1757329957377
}